sweep_index,timestamp_start,elapsed_s,f_min_Hz,s21_min_dB,filename,power_dBm,f_min_GHz,time_s
4,2026-05-21T16:23:25,42.81688213348389,5607839760.774392,-36.4270439148,20260521_162325_sweep0004_5p607840GHz_-80p0dBm_200avgs_201points,-80,5.607839760774392,171.3146493434906
8,2026-05-21T16:26:23,42.83328604698181,5607839076.737101,-34.3143310547,20260521_162623_sweep0008_5p607840GHz_-80p0dBm_200avgs_201points,-80,5.6078390767371005,342.6123375892639
12,2026-05-21T16:29:22,42.88845944404602,5607839986.99326,-36.9688949585,20260521_162922_sweep0012_5p607840GHz_-80p0dBm_200avgs_201points,-80,5.607839986993261,513.9575927257538
16,2026-05-21T16:32:20,42.8127338886261,5607841588.053796,-40.7698898315,20260521_163220_sweep0016_5p607840GHz_-80p0dBm_200avgs_201points,-80,5.6078415880537955,685.269632101059
20,2026-05-21T16:35:19,42.853055477142334,5607840779.842008,-32.3304100037,20260521_163519_sweep0020_5p607840GHz_-80p0dBm_200avgs_201points,-80,5.607840779842007,856.6596019268036
24,2026-05-21T16:38:18,42.805288314819336,5607841354.486681,-34.6887588501,20260521_163818_sweep0024_5p607840GHz_-80p0dBm_200avgs_201points,-80,5.607841354486681,1027.9558515548706
28,2026-05-21T16:41:17,42.83538627624512,5607840666.062137,-33.7638893127,20260521_164117_sweep0028_5p607840GHz_-80p0dBm_200avgs_201points,-80,5.6078406660621365,1199.271628856659
32,2026-05-21T16:44:15,42.85071682929993,5607839306.066891,-38.8122291565,20260521_164415_sweep0032_5p607840GHz_-80p0dBm_200avgs_201points,-80,5.60783930606689,1370.6361281871796
36,2026-05-21T16:47:14,42.88050150871277,5607839306.066891,-34.7488136292,20260521_164714_sweep0036_5p607840GHz_-80p0dBm_200avgs_201points,-80,5.60783930606689,1542.1192507743835
40,2026-05-21T16:50:13,42.8256905078888,5607840666.062137,-38.9328269958,20260521_165013_sweep0040_5p607840GHz_-80p0dBm_200avgs_201points,-80,5.6078406660621365,1713.4723541736603
44,2026-05-21T16:53:11,42.88036394119263,5607839986.99326,-35.0236549377,20260521_165311_sweep0044_5p607840GHz_-80p0dBm_200avgs_201points,-80,5.607839986993261,1884.8690893650055
48,2026-05-21T16:56:10,42.87750959396362,5607839986.99326,-33.5129013062,20260521_165610_sweep0048_5p607840GHz_-80p0dBm_200avgs_201points,-80,5.607839986993261,2056.279411792755
52,2026-05-21T16:59:09,42.8301465511322,5607838961.389669,-30.5459823608,20260521_165909_sweep0052_5p607840GHz_-80p0dBm_200avgs_201points,-80,5.607838961389669,2227.6085317134857
56,2026-05-21T17:02:08,42.8595929145813,5607838845.513319,-36.1871528625,20260521_170208_sweep0056_5p607840GHz_-80p0dBm_200avgs_201points,-80,5.607838845513319,2398.939047574997
60,2026-05-21T17:05:06,42.82525181770325,5607839306.066891,-38.1598701477,20260521_170506_sweep0060_5p607840GHz_-80p0dBm_200avgs_201points,-80,5.60783930606689,2570.267303466797
64,2026-05-21T17:08:05,42.8518328666687,5607840100.0,-35.6514320374,20260521_170805_sweep0064_5p607840GHz_-80p0dBm_200avgs_201points,-80,5.6078401,2741.6468064785004
68,2026-05-21T17:11:04,42.82128620147705,5607840552.540757,-35.8394470215,20260521_171104_sweep0068_5p607840GHz_-80p0dBm_200avgs_201points,-80,5.6078405525407575,2913.008237361908
72,2026-05-21T17:14:02,42.84189462661743,5607840779.842008,-34.0767288208,20260521_171402_sweep0072_5p607840GHz_-80p0dBm_200avgs_201points,-80,5.607840779842007,3084.337644100189
76,2026-05-21T17:17:01,42.8281729221344,5607838611.946204,-32.8865661621,20260521_171701_sweep0076_5p607840GHz_-80p0dBm_200avgs_201points,-80,5.607838611946204,3255.6570451259613
80,2026-05-21T17:19:59,42.88767743110657,5607839873.935197,-42.6197357178,20260521_171959_sweep0080_5p607840GHz_-80p0dBm_200avgs_201points,-80,5.6078398739351965,3427.0339136123657
84,2026-05-21T17:22:58,42.870668172836304,5607839873.935197,-40.244430542,20260521_172258_sweep0084_5p607840GHz_-80p0dBm_200avgs_201points,-80,5.6078398739351965,3598.4371263980865
88,2026-05-21T17:25:57,42.82871627807617,5607840666.062137,-33.6054039001,20260521_172557_sweep0088_5p607840GHz_-80p0dBm_200avgs_201points,-80,5.6078406660621365,3769.764463186264
92,2026-05-21T17:28:55,42.84460067749024,5607838845.513319,-31.4962882996,20260521_172855_sweep0092_5p607840GHz_-80p0dBm_200avgs_201points,-80,5.607838845513319,3941.2104330062866
96,2026-05-21T17:31:54,42.87084460258484,5607837001.935855,-31.491312027,20260521_173154_sweep0096_5p607840GHz_-80p0dBm_200avgs_201points,-80,5.607837001935855,4112.6225209236145
100,2026-05-21T17:34:53,42.82470440864563,5607839760.774392,-32.4225616455,20260521_173453_sweep0100_5p607840GHz_-80p0dBm_200avgs_201points,-80,5.607839760774392,4283.937740802765
104,2026-05-21T17:37:52,42.82262325286865,5607839306.066891,-33.5597839355,20260521_173752_sweep0104_5p607840GHz_-80p0dBm_200avgs_201points,-80,5.60783930606689,4455.304775714874
108,2026-05-21T17:40:50,42.865678787231445,5607836175.133289,-34.9709434509,20260521_174050_sweep0108_5p607840GHz_-80p0dBm_200avgs_201points,-80,5.607836175133289,4626.721234560013
112,2026-05-21T17:43:49,42.8503303527832,5607838729.051413,-32.1339530945,20260521_174349_sweep0112_5p607840GHz_-80p0dBm_200avgs_201points,-80,5.607838729051412,4798.178311109543
116,2026-05-21T17:46:48,42.8727912902832,5607839533.937863,-34.2526702881,20260521_174648_sweep0116_5p607840GHz_-80p0dBm_200avgs_201points,-80,5.607839533937863,4969.62558054924
120,2026-05-21T17:49:47,42.84059715270996,5607837391.760651,-31.7158546448,20260521_174947_sweep0120_5p607840GHz_-80p0dBm_200avgs_201points,-80,5.6078373917606505,5141.06554889679
124,2026-05-21T17:52:46,42.84969639778137,5607837263.319885,-33.8840065002,20260521_175246_sweep0124_5p607840GHz_-80p0dBm_200avgs_201points,-80,5.607837263319885,5312.414756059647
128,2026-05-21T17:55:44,42.84026956558228,5607837644.551109,-30.7704086304,20260521_175544_sweep0128_5p607840GHz_-80p0dBm_200avgs_201points,-80,5.607837644551109,5483.793834924698
132,2026-05-21T17:58:43,42.86528944969177,5607835882.543321,-29.8169841766,20260521_175843_sweep0132_5p607840GHz_-80p0dBm_200avgs_201points,-80,5.607835882543321,5655.218972682953
136,2026-05-21T18:01:42,42.84777212142944,5607835579.863733,-30.0621032715,20260521_180142_sweep0136_5p607840GHz_-80p0dBm_200avgs_201points,-80,5.607835579863734,5826.703770399094
140,2026-05-21T18:04:40,42.85152006149292,5607834939.666091,-28.3799705505,20260521_180440_sweep0140_5p607840GHz_-80p0dBm_200avgs_201points,-80,5.607834939666091,5998.1127598285675
144,2026-05-21T18:07:39,42.84747695922852,5607838494.138721,-27.3728027344,20260521_180739_sweep0144_5p607840GHz_-80p0dBm_200avgs_201points,-80,5.607838494138721,6169.567997217178
148,2026-05-21T18:10:38,42.91883492469788,5607833871.354625,-29.3732852936,20260521_181038_sweep0148_5p607840GHz_-80p0dBm_200avgs_201points,-80,5.607833871354625,6341.058345794678
152,2026-05-21T18:13:37,42.88197183609009,5607835882.543321,-27.2221260071,20260521_181337_sweep0152_5p607840GHz_-80p0dBm_200avgs_201points,-80,5.607835882543321,6512.5796756744385
156,2026-05-21T18:16:36,42.847935914993286,5607835579.863733,-26.7737464905,20260521_181636_sweep0156_5p607840GHz_-80p0dBm_200avgs_201points,-80,5.607835579863734,6684.051986694336
160,2026-05-21T18:19:34,42.84775924682617,5607834771.417103,-24.9970397949,20260521_181934_sweep0160_5p607840GHz_-80p0dBm_200avgs_201points,-80,5.607834771417103,6855.484227180481
164,2026-05-21T18:22:33,42.85249018669128,5607838014.656525,-25.1998806,20260521_182233_sweep0164_5p607840GHz_-80p0dBm_200avgs_201points,-80,5.607838014656525,7026.917111158371
168,2026-05-21T18:25:31,42.866631746292114,5607837644.551109,-24.8281345367,20260521_182531_sweep0168_5p607840GHz_-80p0dBm_200avgs_201points,-80,5.607837644551109,7198.359512805939
172,2026-05-21T18:28:30,42.860182762146,5607831921.395211,-23.7631340027,20260521_182830_sweep0172_5p607840GHz_-80p0dBm_200avgs_201points,-80,5.607831921395211,7369.843764066696
176,2026-05-21T18:31:29,42.88724136352539,5607836458.6361065,-24.0839939117,20260521_183129_sweep0176_5p607840GHz_-80p0dBm_200avgs_201points,-80,5.607836458636107,7541.371164798737
180,2026-05-21T18:34:27,42.87744855880737,5607831409.686417,-24.2535057068,20260521_183427_sweep0180_5p607840GHz_-80p0dBm_200avgs_201points,-80,5.607831409686416,7712.778665781021
184,2026-05-21T18:37:27,42.99435043334961,5607829630.1801,-24.2434005737,20260521_183727_sweep0184_5p607840GHz_-80p0dBm_200avgs_201points,-80,5.607829630180101,7884.427436351776
188,2026-05-21T18:40:26,43.01359272003174,5607829289.791883,-25.8599052429,20260521_184026_sweep0188_5p607840GHz_-80p0dBm_200avgs_201points,-80,5.6078292897918836,8056.448835849762
192,2026-05-21T18:43:25,43.06084656715393,5607833066.354333,-24.2807483673,20260521_184325_sweep0192_5p607840GHz_-80p0dBm_200avgs_201points,-80,5.607833066354333,8228.660630226135
196,2026-05-21T18:46:25,43.05785918235779,5607828934.290472,-24.2976264954,20260521_184625_sweep0196_5p607840GHz_-80p0dBm_200avgs_201points,-80,5.607828934290472,8400.822499752045
200,2026-05-21T18:49:24,43.07957315444946,5607829630.1801,-24.4205284119,20260521_184924_sweep0200_5p607840GHz_-80p0dBm_200avgs_201points,-80,5.607829630180101,8573.047604322433
204,2026-05-21T18:52:23,43.00681042671204,5607834059.94303,-25.6930484772,20260521_185223_sweep0204_5p607840GHz_-80p0dBm_200avgs_201points,-80,5.6078340599430305,8745.189121961594
208,2026-05-21T18:55:22,43.02147054672241,5607833871.354625,-25.5020561218,20260521_185522_sweep0208_5p607840GHz_-80p0dBm_200avgs_201points,-80,5.607833871354625,8917.327237844467
212,2026-05-21T18:58:22,43.05450487136841,5607834771.417103,-24.470949173,20260521_185822_sweep0212_5p607840GHz_-80p0dBm_200avgs_201points,-80,5.607834771417103,9089.579192399979
216,2026-05-21T19:01:21,43.01877641677856,5607829956.543883,-25.367269516,20260521_190121_sweep0216_5p607840GHz_-80p0dBm_200avgs_201points,-80,5.607829956543883,9261.754462718964
220,2026-05-21T19:04:20,43.02267146110535,5607838494.138721,-25.2551250458,20260521_190420_sweep0220_5p607840GHz_-80p0dBm_200avgs_201points,-80,5.607838494138721,9433.958741426468
224,2026-05-21T19:07:21,43.00971341133118,5607830269.871841,-25.3017082214,20260521_190721_sweep0224_5p607840GHz_-80p0dBm_200avgs_201points,-80,5.607830269871841,9606.192113161087
228,2026-05-21T19:10:20,43.03553366661072,5607834059.94303,-23.8772201538,20260521_191020_sweep0228_5p607840GHz_-80p0dBm_200avgs_201points,-80,5.6078340599430305,9778.315709114075
232,2026-05-21T19:13:19,43.081963539123535,5607833479.563828,-25.2794017792,20260521_191319_sweep0232_5p607840GHz_-80p0dBm_200avgs_201points,-80,5.607833479563828,9950.540658950806
236,2026-05-21T19:16:19,43.048818826675415,5607834059.94303,-26.8805561066,20260521_191619_sweep0236_5p607840GHz_-80p0dBm_200avgs_201points,-80,5.6078340599430305,10122.755024194717
240,2026-05-21T19:19:18,43.058600425720215,5607836868.818117,-25.1447868347,20260521_191918_sweep0240_5p607840GHz_-80p0dBm_200avgs_201points,-80,5.607836868818117,10294.998488903046
244,2026-05-21T19:22:18,43.054871559143066,5607830571.063761,-26.7916469574,20260521_192218_sweep0244_5p607840GHz_-80p0dBm_200avgs_201points,-80,5.607830571063761,10467.268565893173
248,2026-05-21T19:25:17,43.0813672542572,5607838256.174154,-25.2969608307,20260521_192517_sweep0248_5p607840GHz_-80p0dBm_200avgs_201points,-80,5.607838256174154,10639.538522720337
252,2026-05-21T19:28:17,43.11322832107544,5607827764.426937,-24.2509231567,20260521_192817_sweep0252_5p607840GHz_-80p0dBm_200avgs_201points,-80,5.607827764426937,10811.85296034813
256,2026-05-21T19:31:16,43.086963415145874,5607834423.795236,-23.7238502502,20260521_193116_sweep0256_5p607840GHz_-80p0dBm_200avgs_201points,-80,5.607834423795236,10984.132784843445
260,2026-05-21T19:34:16,43.0360791683197,5607835265.983656,-26.1554813385,20260521_193416_sweep0260_5p607840GHz_-80p0dBm_200avgs_201points,-80,5.607835265983656,11156.420089006424
264,2026-05-21T19:37:16,42.62213897705078,5607836733.960827,-24.7756710052,20260521_193716_sweep0264_5p607840GHz_-80p0dBm_200avgs_201points,-80,5.607836733960827,11328.317214250565
268,2026-05-21T19:40:15,43.11363744735718,5607838135.891843,-24.6103668213,20260521_194015_sweep0268_5p607840GHz_-80p0dBm_200avgs_201points,-80,5.607838135891843,11500.755433559418
272,2026-05-21T19:43:15,43.12617301940918,5607834939.666091,-25.9647483826,20260521_194315_sweep0272_5p607840GHz_-80p0dBm_200avgs_201points,-80,5.607834939666091,11673.150111198425
276,2026-05-21T19:46:15,43.10405588150024,5607834771.417103,-27.2891597748,20260521_194615_sweep0276_5p607840GHz_-80p0dBm_200avgs_201points,-80,5.607834771417103,11845.549216747284
280,2026-05-21T19:49:15,43.09541201591492,5607835265.983656,-24.4643344879,20260521_194915_sweep0280_5p607840GHz_-80p0dBm_200avgs_201points,-80,5.607835265983656,12017.867329835892
284,2026-05-21T19:52:15,43.140748023986816,5607827335.076366,-26.1767978668,20260521_195215_sweep0284_5p607840GHz_-80p0dBm_200avgs_201points,-80,5.607827335076366,12190.366704463959
288,2026-05-21T19:55:15,43.0902111530304,5607837391.760651,-24.4954986572,20260521_195515_sweep0288_5p607840GHz_-80p0dBm_200avgs_201points,-80,5.6078373917606505,12362.796408891678
292,2026-05-21T19:58:14,43.11491847038269,5607830571.063761,-24.9609622955,20260521_195814_sweep0292_5p607840GHz_-80p0dBm_200avgs_201points,-80,5.607830571063761,12535.192664384842
296,2026-05-21T20:01:13,43.12937927246094,5607837892.40111,-24.7656745911,20260521_200113_sweep0296_5p607840GHz_-80p0dBm_200avgs_201points,-80,5.607837892401109,12707.040935993195
300,2026-05-21T20:04:13,43.12533402442932,5607842185.343475,-25.6050415039,20260521_200413_sweep0300_5p607840GHz_-80p0dBm_200avgs_201points,-80,5.6078421853434754,12879.445130109787
304,2026-05-21T20:07:13,43.0749146938324,5607835882.543321,-26.4105739594,20260521_200713_sweep0304_5p607840GHz_-80p0dBm_200avgs_201points,-80,5.607835882543321,13051.377527713776
308,2026-05-21T20:10:12,43.13357472419739,5607838729.051413,-24.7062911987,20260521_201012_sweep0308_5p607840GHz_-80p0dBm_200avgs_201points,-80,5.607838729051412,13223.92736196518
312,2026-05-21T20:13:12,43.12311887741089,5607836868.818117,-26.0750827789,20260521_201312_sweep0312_5p607840GHz_-80p0dBm_200avgs_201points,-80,5.607836868818117,13396.404034852982
316,2026-05-21T20:16:12,43.132413148880005,5607840893.933108,-25.4262523651,20260521_201612_sweep0316_5p607840GHz_-80p0dBm_200avgs_201points,-80,5.607840893933108,13568.875163316727
320,2026-05-21T20:19:11,42.5778534412384,5607831140.252195,-24.7377567291,20260521_201911_sweep0320_5p607840GHz_-80p0dBm_200avgs_201points,-80,5.607831140252196,13740.221752882004
324,2026-05-21T20:22:10,42.59346342086792,5607841123.262899,-23.5889034271,20260521_202210_sweep0324_5p607840GHz_-80p0dBm_200avgs_201points,-80,5.607841123262899,13912.16941022873
328,2026-05-21T20:25:10,43.12760210037232,5607838494.138721,-23.2843151093,20260521_202510_sweep0328_5p607840GHz_-80p0dBm_200avgs_201points,-80,5.607838494138721,14084.703565120697
332,2026-05-21T20:28:11,43.17796492576599,5607840779.842008,-24.0685195923,20260521_202811_sweep0332_5p607840GHz_-80p0dBm_200avgs_201points,-80,5.607840779842007,14257.240687131882
336,2026-05-21T20:31:11,42.652911901474,5607834771.417103,-24.4118804932,20260521_203111_sweep0336_5p607840GHz_-80p0dBm_200avgs_201points,-80,5.607834771417103,14429.378665447235
340,2026-05-21T20:34:09,43.13183689117432,5607840326.064802,-23.7151641846,20260521_203409_sweep0340_5p607840GHz_-80p0dBm_200avgs_201points,-80,5.607840326064802,14600.942935943604
344,2026-05-21T20:37:08,43.13660740852356,5607840552.540757,-24.8069324493,20260521_203708_sweep0344_5p607840GHz_-80p0dBm_200avgs_201points,-80,5.6078405525407575,14773.031167507172
348,2026-05-21T20:40:07,43.17611598968506,5607834599.526867,-24.6025981903,20260521_204007_sweep0348_5p607840GHz_-80p0dBm_200avgs_201points,-80,5.607834599526867,14944.573908567429
352,2026-05-21T20:43:07,43.17579221725464,5607839076.737101,-26.0132236481,20260521_204307_sweep0352_5p607840GHz_-80p0dBm_200avgs_201points,-80,5.6078390767371005,15116.73731303215
356,2026-05-21T20:46:06,43.18577480316162,5607836597.2672,-24.524433136,20260521_204606_sweep0356_5p607840GHz_-80p0dBm_200avgs_201points,-80,5.607836597267201,15289.31494140625
360,2026-05-21T20:49:05,42.7035129070282,5607835732.5314245,-25.2807369232,20260521_204905_sweep0360_5p607840GHz_-80p0dBm_200avgs_201points,-80,5.6078357325314245,15460.433150053024
364,2026-05-21T20:52:05,43.19155550003052,5607835265.983656,-25.9979343414,20260521_205205_sweep0364_5p607840GHz_-80p0dBm_200avgs_201points,-80,5.607835265983656,15633.182482719421
368,2026-05-21T20:55:05,43.1845920085907,5607837518.811319,-24.9274578094,20260521_205505_sweep0368_5p607840GHz_-80p0dBm_200avgs_201points,-80,5.607837518811319,15805.892327070236
372,2026-05-21T20:58:04,43.187562704086304,5607833275.79161,-24.6005039215,20260521_205804_sweep0372_5p607840GHz_-80p0dBm_200avgs_201points,-80,5.607833275791609,15978.081819295883
376,2026-05-21T21:01:04,43.155404806137085,5607834059.94303,-26.1861000061,20260521_210104_sweep0376_5p607840GHz_-80p0dBm_200avgs_201points,-80,5.6078340599430305,16150.729730844498
380,2026-05-21T21:04:03,42.614354372024536,5607835104.462348,-24.7383441925,20260521_210403_sweep0380_5p607840GHz_-80p0dBm_200avgs_201points,-80,5.607835104462348,16321.769054889679
384,2026-05-21T21:07:02,43.1629593372345,5607833066.354333,-24.7575645447,20260521_210702_sweep0384_5p607840GHz_-80p0dBm_200avgs_201points,-80,5.607833066354333,16494.411434412003
388,2026-05-21T21:10:02,42.67677307128906,5607833871.354625,-23.4416294098,20260521_211002_sweep0388_5p607840GHz_-80p0dBm_200avgs_201points,-80,5.607833871354625,16666.135828733444
392,2026-05-21T21:13:01,42.67427015304565,5607834423.795236,-23.7883777618,20260521_211301_sweep0392_5p607840GHz_-80p0dBm_200avgs_201points,-80,5.607834423795236,16838.262763738632
396,2026-05-21T21:16:00,43.22956299781799,5607836175.133289,-25.4708786011,20260521_211600_sweep0396_5p607840GHz_-80p0dBm_200avgs_201points,-80,5.607836175133289,17010.555683135986
400,2026-05-21T21:19:00,43.18497896194458,5607837263.319885,-25.1175765991,20260521_211900_sweep0400_5p607840GHz_-80p0dBm_200avgs_201points,-80,5.607837263319885,17183.26602125168
404,2026-05-21T21:22:02,43.184428215026855,5607838014.656525,-24.8177032471,20260521_212202_sweep0404_5p607840GHz_-80p0dBm_200avgs_201points,-80,5.607838014656525,17355.96285223961
408,2026-05-21T21:25:01,43.1298463344574,5607835732.5314245,-25.190410614,20260521_212501_sweep0408_5p607840GHz_-80p0dBm_200avgs_201points,-80,5.6078357325314245,17527.56352829933
412,2026-05-21T21:28:00,43.147841453552246,5607843882.038253,-26.5826187134,20260521_212800_sweep0412_5p607840GHz_-80p0dBm_200avgs_201points,-80,5.607843882038253,17699.74058651924
416,2026-05-21T21:30:59,43.16615533828735,5607839986.99326,-26.1340179443,20260521_213059_sweep0416_5p607840GHz_-80p0dBm_200avgs_201points,-80,5.607839986993261,17871.96270298958
420,2026-05-21T21:33:59,43.158724546432495,5607840439.225608,-25.0025444031,20260521_213359_sweep0420_5p607840GHz_-80p0dBm_200avgs_201points,-80,5.607840439225608,18044.709303855896
424,2026-05-21T21:36:59,43.21124172210693,5607838135.891843,-24.0782527924,20260521_213659_sweep0424_5p607840GHz_-80p0dBm_200avgs_201points,-80,5.607838135891843,18216.94793176651
428,2026-05-21T21:39:58,43.197500705718994,5607837391.760651,-23.99036026,20260521_213958_sweep0428_5p607840GHz_-80p0dBm_200avgs_201points,-80,5.6078373917606505,18388.706560373306
432,2026-05-21T21:42:57,42.71188092231751,5607836030.0345,-27.1923675537,20260521_214257_sweep0432_5p607840GHz_-80p0dBm_200avgs_201points,-80,5.6078360300345,18559.514134645462
436,2026-05-21T21:45:56,42.67861080169678,5607840100.0,-25.9938201904,20260521_214556_sweep0436_5p607840GHz_-80p0dBm_200avgs_201points,-80,5.6078401,18731.727135658264
440,2026-05-21T21:48:55,43.15740370750427,5607835104.462348,-27.1616287231,20260521_214855_sweep0440_5p607840GHz_-80p0dBm_200avgs_201points,-80,5.607835104462348,18903.921577692032
444,2026-05-21T21:51:54,43.178893089294434,5607842307.59889,-26.9982967377,20260521_215154_sweep0444_5p607840GHz_-80p0dBm_200avgs_201points,-80,5.60784230759889,19075.77633357048
448,2026-05-21T21:54:54,42.66727781295776,5607841008.388746,-25.0804157257,20260521_215454_sweep0448_5p607840GHz_-80p0dBm_200avgs_201points,-80,5.607841008388746,19247.568475723267
452,2026-05-21T21:57:53,42.74746918678284,5607843741.363893,-25.2614574432,20260521_215753_sweep0452_5p607840GHz_-80p0dBm_200avgs_201points,-80,5.607843741363893,19419.39075922966
456,2026-05-21T22:00:51,42.72808623313904,5607840439.225608,-26.7936172485,20260521_220051_sweep0456_5p607840GHz_-80p0dBm_200avgs_201points,-80,5.607840439225608,19590.737663269043
460,2026-05-21T22:03:50,42.73938798904419,5607838256.174154,-26.6128139496,20260521_220350_sweep0460_5p607840GHz_-80p0dBm_200avgs_201points,-80,5.607838256174154,19761.687685012817
464,2026-05-21T22:06:48,42.76333546638489,5607835882.543321,-25.3504543304,20260521_220648_sweep0464_5p607840GHz_-80p0dBm_200avgs_201points,-80,5.607835882543321,19932.695595026016
468,2026-05-21T22:09:46,42.69784164428711,5607836175.133289,-26.5146999359,20260521_220946_sweep0468_5p607840GHz_-80p0dBm_200avgs_201points,-80,5.607836175133289,20103.574110031128
472,2026-05-21T22:12:46,42.74583697319031,5607834059.94303,-25.0201854706,20260521_221246_sweep0472_5p607840GHz_-80p0dBm_200avgs_201points,-80,5.6078340599430305,20275.485776901245
476,2026-05-21T22:15:44,42.68018960952759,5607835882.543321,-25.2378864288,20260521_221544_sweep0476_5p607840GHz_-80p0dBm_200avgs_201points,-80,5.607835882543321,20446.28182220459
480,2026-05-21T22:18:42,43.19231581687927,5607833275.79161,-25.3151950836,20260521_221842_sweep0480_5p607840GHz_-80p0dBm_200avgs_201points,-80,5.607833275791609,20617.662628650665
484,2026-05-21T22:21:41,42.73205065727234,5607835732.5314245,-27.2152099609,20260521_222141_sweep0484_5p607840GHz_-80p0dBm_200avgs_201points,-80,5.6078357325314245,20788.963999032974
488,2026-05-21T22:24:41,42.72542977333069,5607837892.40111,-24.0454139709,20260521_222441_sweep0488_5p607840GHz_-80p0dBm_200avgs_201points,-80,5.607837892401109,20960.378757476807
492,2026-05-21T22:27:40,42.70610952377319,5607837892.40111,-24.4594306946,20260521_222740_sweep0492_5p607840GHz_-80p0dBm_200avgs_201points,-80,5.607837892401109,21131.70710992813
496,2026-05-21T22:30:39,43.27024435997009,5607833677.986646,-24.680814743,20260521_223039_sweep0496_5p607840GHz_-80p0dBm_200avgs_201points,-80,5.607833677986646,21303.55291223526
500,2026-05-21T22:33:38,42.68493318557739,5607835579.863733,-25.6719474792,20260521_223338_sweep0500_5p607840GHz_-80p0dBm_200avgs_201points,-80,5.607835579863734,21474.919899225235
504,2026-05-21T22:36:37,42.77967023849487,5607839986.99326,-25.3886814117,20260521_223637_sweep0504_5p607840GHz_-80p0dBm_200avgs_201points,-80,5.607839986993261,21646.376448392868
508,2026-05-21T22:39:35,42.78425455093384,5607838729.051413,-25.2834281921,20260521_223935_sweep0508_5p607840GHz_-80p0dBm_200avgs_201points,-80,5.607838729051412,21817.39720749855
512,2026-05-21T22:42:34,43.27260947227478,5607838961.389669,-28.0519218445,20260521_224234_sweep0512_5p607840GHz_-80p0dBm_200avgs_201points,-80,5.607838961389669,21989.44069337845
516,2026-05-21T22:45:33,42.72552514076233,5607837001.935855,-25.4843273163,20260521_224533_sweep0516_5p607840GHz_-80p0dBm_200avgs_201points,-80,5.607837001935855,22160.447479248047
520,2026-05-21T22:48:31,42.71089553833008,5607838014.656525,-25.2626590729,20260521_224831_sweep0520_5p607840GHz_-80p0dBm_200avgs_201points,-80,5.607838014656525,22331.440593004227
524,2026-05-21T22:51:29,42.79878044128418,5607836597.2672,-25.5734233856,20260521_225129_sweep0524_5p607840GHz_-80p0dBm_200avgs_201points,-80,5.607836597267201,22502.56231212616
528,2026-05-21T22:54:28,42.81143116950989,5607832400.53555,-24.2155170441,20260521_225428_sweep0528_5p607840GHz_-80p0dBm_200avgs_201points,-80,5.60783240053555,22673.729357004166
532,2026-05-21T22:57:26,42.80270528793335,5607836175.133289,-24.0618305206,20260521_225726_sweep0532_5p607840GHz_-80p0dBm_200avgs_201points,-80,5.607836175133289,22844.825016498566
536,2026-05-21T23:00:25,42.85256481170654,5607837263.319885,-26.5266094208,20260521_230025_sweep0536_5p607840GHz_-80p0dBm_200avgs_201points,-80,5.607837263319885,23015.972323656082
540,2026-05-21T23:03:23,42.7895736694336,5607838494.138721,-25.5623016357,20260521_230323_sweep0540_5p607840GHz_-80p0dBm_200avgs_201points,-80,5.607838494138721,23187.268060445786
544,2026-05-21T23:06:22,42.80400800704956,5607832400.53555,-24.3154258728,20260521_230622_sweep0544_5p607840GHz_-80p0dBm_200avgs_201points,-80,5.60783240053555,23358.437980890274
548,2026-05-21T23:09:20,42.762253761291504,5607832164.784588,-24.7813072205,20260521_230920_sweep0548_5p607840GHz_-80p0dBm_200avgs_201points,-80,5.607832164784588,23529.47935962677
552,2026-05-21T23:12:19,42.76040434837341,5607843066.593218,-24.6559410095,20260521_231219_sweep0552_5p607840GHz_-80p0dBm_200avgs_201points,-80,5.607843066593218,23700.651348114014
556,2026-05-21T23:15:17,42.797693490982056,5607836030.0345,-24.951166153,20260521_231517_sweep0556_5p607840GHz_-80p0dBm_200avgs_201points,-80,5.6078360300345,23871.86570239067
560,2026-05-21T23:18:16,42.78392553329468,5607841354.486681,-25.8447647095,20260521_231816_sweep0560_5p607840GHz_-80p0dBm_200avgs_201points,-80,5.607841354486681,24043.055520296097
564,2026-05-21T23:21:14,42.811233043670654,5607837391.760651,-25.0552692413,20260521_232114_sweep0564_5p607840GHz_-80p0dBm_200avgs_201points,-80,5.6078373917606505,24214.236555576324
568,2026-05-21T23:24:13,42.768654108047485,5607836317.961746,-24.2266902924,20260521_232413_sweep0568_5p607840GHz_-80p0dBm_200avgs_201points,-80,5.6078363179617465,24385.458766937256
572,2026-05-21T23:27:11,42.8152916431427,5607839306.066891,-27.0603294373,20260521_232711_sweep0572_5p607840GHz_-80p0dBm_200avgs_201points,-80,5.60783930606689,24556.68110346794
576,2026-05-21T23:30:10,42.768372535705566,5607835882.543321,-24.6622657776,20260521_233010_sweep0576_5p607840GHz_-80p0dBm_200avgs_201points,-80,5.607835882543321,24727.901658058167
580,2026-05-21T23:33:08,42.682537317276,5607838729.051413,-27.922586441,20260521_233308_sweep0580_5p607840GHz_-80p0dBm_200avgs_201points,-80,5.607838729051412,24898.957344055176
584,2026-05-21T23:36:07,42.73457860946655,5607833871.354625,-25.1401939392,20260521_233607_sweep0584_5p607840GHz_-80p0dBm_200avgs_201points,-80,5.607833871354625,25070.304201602936
588,2026-05-21T23:39:05,42.7354736328125,5607837769.056436,-26.6966571808,20260521_233905_sweep0588_5p607840GHz_-80p0dBm_200avgs_201points,-80,5.607837769056435,25241.22953748703
592,2026-05-21T23:42:06,42.76642394065857,5607838375.56864,-25.2590312958,20260521_234206_sweep0592_5p607840GHz_-80p0dBm_200avgs_201points,-80,5.607838375568639,25412.40724682808
596,2026-05-21T23:45:04,42.76154589653015,5607838375.56864,-23.9527893066,20260521_234504_sweep0596_5p607840GHz_-80p0dBm_200avgs_201points,-80,5.607838375568639,25583.56335043907
600,2026-05-21T23:48:03,42.769864559173584,5607839760.774392,-27.6110954285,20260521_234803_sweep0600_5p607840GHz_-80p0dBm_200avgs_201points,-80,5.607839760774392,25754.70769715309
604,2026-05-21T23:51:02,42.848597288131714,5607840893.933108,-26.0751934052,20260521_235102_sweep0604_5p607840GHz_-80p0dBm_200avgs_201points,-80,5.607840893933108,25925.831676483154
608,2026-05-21T23:54:00,42.89102482795715,5607840779.842008,-26.0522518158,20260521_235400_sweep0608_5p607840GHz_-80p0dBm_200avgs_201points,-80,5.607840779842007,26097.23692727089
612,2026-05-21T23:56:59,42.8798828125,5607839420.157991,-26.9331245422,20260521_235659_sweep0612_5p607840GHz_-80p0dBm_200avgs_201points,-80,5.607839420157991,26268.668756246567
616,2026-05-21T23:59:58,42.82679796218872,5607840100.0,-25.5576553345,20260521_235958_sweep0616_5p607840GHz_-80p0dBm_200avgs_201points,-80,5.6078401,26440.044314861298
620,2026-05-22T00:02:57,42.77169322967529,5607835882.543321,-24.7215595245,20260522_000257_sweep0620_5p607840GHz_-80p0dBm_200avgs_201points,-80,5.607835882543321,26611.292065382004
624,2026-05-22T00:05:55,42.80979990959168,5607837892.40111,-25.7687721252,20260522_000555_sweep0624_5p607840GHz_-80p0dBm_200avgs_201points,-80,5.607837892401109,26782.52481198311
628,2026-05-22T00:08:54,42.82477378845215,5607838961.389669,-25.5689125061,20260522_000854_sweep0628_5p607840GHz_-80p0dBm_200avgs_201points,-80,5.607838961389669,26953.753731012344
632,2026-05-22T00:11:52,42.86042761802673,5607840666.062137,-25.8757343292,20260522_001152_sweep0632_5p607840GHz_-80p0dBm_200avgs_201points,-80,5.6078406660621365,27125.076855182648
636,2026-05-22T00:14:51,42.83051824569702,5607837892.40111,-27.8619441986,20260522_001451_sweep0636_5p607840GHz_-80p0dBm_200avgs_201points,-80,5.607837892401109,27296.506474733353
640,2026-05-22T00:17:50,42.81498408317566,5607838375.56864,-24.6812572479,20260522_001750_sweep0640_5p607840GHz_-80p0dBm_200avgs_201points,-80,5.607838375568639,27467.801791906357
644,2026-05-22T00:20:48,42.8135187625885,5607836868.818117,-26.8431682587,20260522_002048_sweep0644_5p607840GHz_-80p0dBm_200avgs_201points,-80,5.607836868818117,27639.045724630356
648,2026-05-22T00:23:47,42.8666467666626,5607840666.062137,-25.6214389801,20260522_002347_sweep0648_5p607840GHz_-80p0dBm_200avgs_201points,-80,5.6078406660621365,27810.465913534164
652,2026-05-22T00:26:46,42.8307044506073,5607835732.5314245,-25.8541355133,20260522_002646_sweep0652_5p607840GHz_-80p0dBm_200avgs_201points,-80,5.6078357325314245,27981.773012161255
656,2026-05-22T00:29:45,42.81689405441284,5607839420.157991,-24.7146472931,20260522_002945_sweep0656_5p607840GHz_-80p0dBm_200avgs_201points,-80,5.607839420157991,28153.12914133072
660,2026-05-22T00:32:44,42.83083915710449,5607839873.935197,-24.9787788391,20260522_003244_sweep0660_5p607840GHz_-80p0dBm_200avgs_201points,-80,5.6078398739351965,28324.447130918503
664,2026-05-22T00:35:42,42.80764961242676,5607836597.2672,-25.8376369476,20260522_003542_sweep0664_5p607840GHz_-80p0dBm_200avgs_201points,-80,5.607836597267201,28495.81184411049
668,2026-05-22T00:38:41,42.83177256584168,5607836733.960827,-28.5295219421,20260522_003841_sweep0668_5p607840GHz_-80p0dBm_200avgs_201points,-80,5.607836733960827,28667.138944387436
672,2026-05-22T00:41:40,42.86098146438599,5607834771.417103,-24.9096813202,20260522_004140_sweep0672_5p607840GHz_-80p0dBm_200avgs_201points,-80,5.607834771417103,28838.47075867653
676,2026-05-22T00:44:38,42.8517496585846,5607835882.543321,-24.666097641,20260522_004438_sweep0676_5p607840GHz_-80p0dBm_200avgs_201points,-80,5.607835882543321,29009.90419435501
680,2026-05-22T00:47:37,42.81952500343323,5607844169.9655,-24.8084430695,20260522_004737_sweep0680_5p607840GHz_-80p0dBm_200avgs_201points,-80,5.6078441699654995,29181.349326372147
684,2026-05-22T00:50:36,42.88315629959106,5607834599.526867,-23.878484726,20260522_005036_sweep0684_5p607840GHz_-80p0dBm_200avgs_201points,-80,5.607834599526867,29352.760435819626
688,2026-05-22T00:53:35,42.944302558898926,5607837391.760651,-24.0922698975,20260522_005335_sweep0688_5p607840GHz_-80p0dBm_200avgs_201points,-80,5.6078373917606505,29524.25367307663
692,2026-05-22T00:56:34,42.88154983520508,5607840326.064802,-23.6586055756,20260522_005634_sweep0692_5p607840GHz_-80p0dBm_200avgs_201points,-80,5.607840326064802,29695.75722694397
696,2026-05-22T00:59:33,42.845534801483154,5607835579.863733,-22.8100128174,20260522_005933_sweep0696_5p607840GHz_-80p0dBm_200avgs_201points,-80,5.607835579863734,29867.27936410904
700,2026-05-22T01:02:32,42.92480278015137,5607838729.051413,-25.6183929443,20260522_010232_sweep0700_5p607840GHz_-80p0dBm_200avgs_201points,-80,5.607838729051412,30038.82233095169
704,2026-05-22T01:05:31,42.89012837409973,5607839873.935197,-25.4251728058,20260522_010531_sweep0704_5p607840GHz_-80p0dBm_200avgs_201points,-80,5.6078398739351965,30210.445116758347
708,2026-05-22T01:08:29,42.92049527168274,5607839873.935197,-24.9750232697,20260522_010829_sweep0708_5p607840GHz_-80p0dBm_200avgs_201points,-80,5.6078398739351965,30381.936532258987
712,2026-05-22T01:11:31,42.94305443763733,5607844467.468575,-24.783241272,20260522_011131_sweep0712_5p607840GHz_-80p0dBm_200avgs_201points,-80,5.607844467468574,30553.560183286667
716,2026-05-22T01:14:30,42.850090742111206,5607838611.946204,-24.5891876221,20260522_011430_sweep0716_5p607840GHz_-80p0dBm_200avgs_201points,-80,5.607838611946204,30725.043360710144
720,2026-05-22T01:17:29,42.9566490650177,5607839420.157991,-24.5845756531,20260522_011729_sweep0720_5p607840GHz_-80p0dBm_200avgs_201points,-80,5.607839420157991,30896.733649730682
724,2026-05-22T01:20:28,42.91622519493103,5607842936.680115,-25.2278003693,20260522_012028_sweep0724_5p607840GHz_-80p0dBm_200avgs_201points,-80,5.607842936680115,31068.3868496418
728,2026-05-22T01:23:27,42.97421455383301,5607841123.262899,-25.6128005981,20260522_012327_sweep0728_5p607840GHz_-80p0dBm_200avgs_201points,-80,5.607841123262899,31240.155745744705
732,2026-05-22T01:26:26,42.98364543914795,5607840213.00674,-25.2081031799,20260522_012626_sweep0732_5p607840GHz_-80p0dBm_200avgs_201points,-80,5.60784021300674,31411.92501449585
736,2026-05-22T01:29:25,42.87469530105591,5607837769.056436,-25.3815956116,20260522_012925_sweep0736_5p607840GHz_-80p0dBm_200avgs_201points,-80,5.607837769056435,31583.62755870819
740,2026-05-22T01:32:24,42.87729525566101,5607841588.053796,-25.1481876373,20260522_013224_sweep0740_5p607840GHz_-80p0dBm_200avgs_201points,-80,5.6078415880537955,31755.22559261322
744,2026-05-22T01:35:23,42.899948596954346,5607839420.157991,-25.8349132538,20260522_013523_sweep0744_5p607840GHz_-80p0dBm_200avgs_201points,-80,5.607839420157991,31926.796414852142
748,2026-05-22T01:38:22,42.91382789611816,5607838494.138721,-27.3279323578,20260522_013822_sweep0748_5p607840GHz_-80p0dBm_200avgs_201points,-80,5.607838494138721,32098.363122701645
752,2026-05-22T01:41:21,42.89985752105713,5607839420.157991,-26.4988517761,20260522_014121_sweep0752_5p607840GHz_-80p0dBm_200avgs_201points,-80,5.607839420157991,32270.018532276154
756,2026-05-22T01:44:20,42.92702388763428,5607838375.56864,-24.5101795197,20260522_014420_sweep0756_5p607840GHz_-80p0dBm_200avgs_201points,-80,5.607838375568639,32441.894162654877
760,2026-05-22T01:47:19,42.94496417045593,5607841354.486681,-25.1493835449,20260522_014719_sweep0760_5p607840GHz_-80p0dBm_200avgs_201points,-80,5.607841354486681,32613.71440768242
764,2026-05-22T01:50:18,42.85181617736816,5607840439.225608,-24.6717281342,20260522_015018_sweep0764_5p607840GHz_-80p0dBm_200avgs_201points,-80,5.607840439225608,32785.203650951385
768,2026-05-22T01:53:17,42.95826148986816,5607841008.388746,-24.9414520264,20260522_015317_sweep0768_5p607840GHz_-80p0dBm_200avgs_201points,-80,5.607841008388746,32956.89522099495
772,2026-05-22T01:56:16,43.00722527503967,5607842064.108157,-25.1139888763,20260522_015616_sweep0772_5p607840GHz_-80p0dBm_200avgs_201points,-80,5.607842064108157,33128.715831279755
776,2026-05-22T01:59:16,42.976229429245,5607837001.935855,-26.1026592255,20260522_015916_sweep0776_5p607840GHz_-80p0dBm_200avgs_201points,-80,5.607837001935855,33300.54677939415
780,2026-05-22T02:02:15,42.90278601646423,5607842681.188682,-26.3926715851,20260522_020215_sweep0780_5p607840GHz_-80p0dBm_200avgs_201points,-80,5.607842681188681,33472.26123714447
784,2026-05-22T02:05:14,42.9780547618866,5607838494.138721,-24.7303962708,20260522_020514_sweep0784_5p607840GHz_-80p0dBm_200avgs_201points,-80,5.607838494138721,33644.123831272125
788,2026-05-22T02:08:13,43.00012063980103,5607839873.935197,-25.2937583923,20260522_020813_sweep0788_5p607840GHz_-80p0dBm_200avgs_201points,-80,5.6078398739351965,33816.02372908592
792,2026-05-22T02:11:13,42.92042517662048,5607839873.935197,-24.8748168945,20260522_021113_sweep0792_5p607840GHz_-80p0dBm_200avgs_201points,-80,5.6078398739351965,33987.81830716133
796,2026-05-22T02:14:12,42.94060468673706,5607833066.354333,-24.9849205017,20260522_021412_sweep0796_5p607840GHz_-80p0dBm_200avgs_201points,-80,5.607833066354333,34159.566218853
800,2026-05-22T02:17:11,42.9622004032135,5607837263.319885,-24.6846027374,20260522_021711_sweep0800_5p607840GHz_-80p0dBm_200avgs_201points,-80,5.607837263319885,34331.359553813934
804,2026-05-22T02:20:10,43.02433180809021,5607839191.611255,-27.5118999481,20260522_022010_sweep0804_5p607840GHz_-80p0dBm_200avgs_201points,-80,5.607839191611255,34503.341170072556
808,2026-05-22T02:23:10,42.94028830528259,5607840213.00674,-25.7874832153,20260522_022310_sweep0808_5p607840GHz_-80p0dBm_200avgs_201points,-80,5.60784021300674,34675.31687641144
812,2026-05-22T02:26:09,43.02055621147156,5607838729.051413,-24.4030914307,20260522_022609_sweep0812_5p607840GHz_-80p0dBm_200avgs_201points,-80,5.607838729051412,34847.41363954544
816,2026-05-22T02:29:08,42.99636578559876,5607840100.0,-25.0936870575,20260522_022908_sweep0816_5p607840GHz_-80p0dBm_200avgs_201points,-80,5.6078401,35019.25001621246
820,2026-05-22T02:32:08,42.947105169296265,5607838729.051413,-24.2415084839,20260522_023208_sweep0820_5p607840GHz_-80p0dBm_200avgs_201points,-80,5.607838729051412,35191.09034848213
824,2026-05-22T02:35:07,42.90402698516846,5607832850.913247,-25.8491954803,20260522_023507_sweep0824_5p607840GHz_-80p0dBm_200avgs_201points,-80,5.607832850913247,35362.86385560036
828,2026-05-22T02:38:06,42.96377277374268,5607836733.960827,-24.9473495483,20260522_023806_sweep0828_5p607840GHz_-80p0dBm_200avgs_201points,-80,5.607836733960827,35534.80883049965
832,2026-05-22T02:41:05,43.00777053833008,5607836458.6361065,-24.295375824,20260522_024105_sweep0832_5p607840GHz_-80p0dBm_200avgs_201points,-80,5.607836458636107,35706.84197163582
836,2026-05-22T02:44:05,42.999207496643066,5607838729.051413,-25.590461731,20260522_024405_sweep0836_5p607840GHz_-80p0dBm_200avgs_201points,-80,5.607838729051412,35878.87566971779
840,2026-05-22T02:47:04,42.9421181678772,5607839306.066891,-26.2824993134,20260522_024704_sweep0840_5p607840GHz_-80p0dBm_200avgs_201points,-80,5.60783930606689,36050.66542649269
844,2026-05-22T02:50:03,43.06317925453186,5607838256.174154,-25.4584407806,20260522_025003_sweep0844_5p607840GHz_-80p0dBm_200avgs_201points,-80,5.607838256174154,36222.58719038963
848,2026-05-22T02:53:02,43.02509236335754,5607837001.935855,-25.8429603577,20260522_025302_sweep0848_5p607840GHz_-80p0dBm_200avgs_201points,-80,5.607837001935855,36394.42989563942
852,2026-05-22T02:56:04,43.02781414985657,5607836175.133289,-26.1619606018,20260522_025604_sweep0852_5p607840GHz_-80p0dBm_200avgs_201points,-80,5.607836175133289,36566.392320632935
856,2026-05-22T02:59:04,42.94817280769348,5607841123.262899,-26.4865570068,20260522_025904_sweep0856_5p607840GHz_-80p0dBm_200avgs_201points,-80,5.607841123262899,36738.28760147095
860,2026-05-22T03:02:03,42.94273829460144,5607838256.174154,-26.7406539917,20260522_030203_sweep0860_5p607840GHz_-80p0dBm_200avgs_201points,-80,5.607838256174154,36910.12145805359
864,2026-05-22T03:05:02,43.00705599784851,5607838961.389669,-25.2813854218,20260522_030502_sweep0864_5p607840GHz_-80p0dBm_200avgs_201points,-80,5.607838961389669,37081.97093653679
868,2026-05-22T03:08:01,42.98942160606384,5607838729.051413,-25.9138355255,20260522_030801_sweep0868_5p607840GHz_-80p0dBm_200avgs_201points,-80,5.607838729051412,37253.86707496643
872,2026-05-22T03:11:01,42.99602937698364,5607843331.181884,-25.7425193787,20260522_031101_sweep0872_5p607840GHz_-80p0dBm_200avgs_201points,-80,5.607843331181884,37425.86852622032
876,2026-05-22T03:14:00,42.9764142036438,5607839191.611255,-28.0870857239,20260522_031400_sweep0876_5p607840GHz_-80p0dBm_200avgs_201points,-80,5.607839191611255,37597.79547548294
880,2026-05-22T03:16:59,43.04623317718506,5607841588.053796,-25.6223278046,20260522_031659_sweep0880_5p607840GHz_-80p0dBm_200avgs_201points,-80,5.6078415880537955,37770.053654909134
884,2026-05-22T03:19:59,43.05050468444824,5607841238.610332,-26.7045917511,20260522_031959_sweep0884_5p607840GHz_-80p0dBm_200avgs_201points,-80,5.607841238610331,37942.269981861115
888,2026-05-22T03:22:59,43.06167936325073,5607840439.225608,-26.0958156586,20260522_032259_sweep0888_5p607840GHz_-80p0dBm_200avgs_201points,-80,5.607840439225608,38114.4799580574
892,2026-05-22T03:25:58,43.063273191452026,5607838494.138721,-24.9588947296,20260522_032558_sweep0892_5p607840GHz_-80p0dBm_200avgs_201points,-80,5.607838494138721,38286.736238241196
896,2026-05-22T03:28:58,43.02375626564026,5607841588.053796,-25.1753997803,20260522_032858_sweep0896_5p607840GHz_-80p0dBm_200avgs_201points,-80,5.6078415880537955,38458.83541250229
900,2026-05-22T03:31:57,42.986499071121216,5607841123.262899,-25.8842544556,20260522_033157_sweep0900_5p607840GHz_-80p0dBm_200avgs_201points,-80,5.607841123262899,38630.906940460205
904,2026-05-22T03:34:57,42.99990177154541,5607837769.056436,-27.06939888,20260522_033457_sweep0904_5p607840GHz_-80p0dBm_200avgs_201points,-80,5.607837769056435,38802.963529109955
908,2026-05-22T03:37:56,42.98583579063416,5607836733.960827,-25.1893787384,20260522_033756_sweep0908_5p607840GHz_-80p0dBm_200avgs_201points,-80,5.607836733960827,38975.005348443985
912,2026-05-22T03:40:56,43.02759552001953,5607838961.389669,-24.8802013397,20260522_034056_sweep0912_5p607840GHz_-80p0dBm_200avgs_201points,-80,5.607838961389669,39147.06532526016
916,2026-05-22T03:43:55,43.06337332725525,5607835265.983656,-24.7291603088,20260522_034355_sweep0916_5p607840GHz_-80p0dBm_200avgs_201points,-80,5.607835265983656,39319.153079748154
920,2026-05-22T03:46:54,43.085139989852905,5607841123.262899,-25.266166687,20260522_034654_sweep0920_5p607840GHz_-80p0dBm_200avgs_201points,-80,5.607841123262899,39491.37027359009
924,2026-05-22T03:49:54,43.05259346961975,5607834059.94303,-25.9113864899,20260522_034954_sweep0924_5p607840GHz_-80p0dBm_200avgs_201points,-80,5.6078340599430305,39663.61873602867
928,2026-05-22T03:52:54,43.07174611091614,5607841588.053796,-24.0022792816,20260522_035254_sweep0928_5p607840GHz_-80p0dBm_200avgs_201points,-80,5.6078415880537955,39835.68584537506
932,2026-05-22T03:55:53,43.06248450279236,5607842064.108157,-26.6230716705,20260522_035553_sweep0932_5p607840GHz_-80p0dBm_200avgs_201points,-80,5.607842064108157,40007.935462236404
936,2026-05-22T03:58:53,43.0825936794281,5607840213.00674,-25.5164527893,20260522_035853_sweep0936_5p607840GHz_-80p0dBm_200avgs_201points,-80,5.60784021300674,40180.297941446304
940,2026-05-22T04:01:53,43.13563776016235,5607837644.551109,-25.2570838928,20260522_040153_sweep0940_5p607840GHz_-80p0dBm_200avgs_201points,-80,5.607837644551109,40352.58448147774
944,2026-05-22T04:04:53,43.06921362876892,5607835732.5314245,-25.394952774,20260522_040453_sweep0944_5p607840GHz_-80p0dBm_200avgs_201points,-80,5.6078357325314245,40524.82476949692
948,2026-05-22T04:07:52,43.08184742927551,5607842555.448892,-23.5329875946,20260522_040752_sweep0948_5p607840GHz_-80p0dBm_200avgs_201points,-80,5.607842555448892,40697.138632297516
952,2026-05-22T04:10:52,43.11075019836426,5607838845.513319,-26.2645187378,20260522_041052_sweep0952_5p607840GHz_-80p0dBm_200avgs_201points,-80,5.607838845513319,40869.37426733971
956,2026-05-22T04:13:52,43.08492803573608,5607840439.225608,-24.9000530243,20260522_041352_sweep0956_5p607840GHz_-80p0dBm_200avgs_201points,-80,5.607840439225608,41041.61850309372
960,2026-05-22T04:16:51,42.997721672058105,5607836733.960827,-24.7795524597,20260522_041651_sweep0960_5p607840GHz_-80p0dBm_200avgs_201points,-80,5.607836733960827,41213.852553367615
964,2026-05-22T04:19:51,43.0381453037262,5607837892.40111,-26.6439685822,20260522_041951_sweep0964_5p607840GHz_-80p0dBm_200avgs_201points,-80,5.607837892401109,41385.99950456619
968,2026-05-22T04:22:50,43.0035982131958,5607836868.818117,-25.8327713013,20260522_042250_sweep0968_5p607840GHz_-80p0dBm_200avgs_201points,-80,5.607836868818117,41558.17739868164
972,2026-05-22T04:25:49,43.08429932594299,5607840893.933108,-24.9291362762,20260522_042549_sweep0972_5p607840GHz_-80p0dBm_200avgs_201points,-80,5.607840893933108,41730.1179022789
976,2026-05-22T04:28:49,43.13297820091248,5607840100.0,-26.7189502716,20260522_042849_sweep0976_5p607840GHz_-80p0dBm_200avgs_201points,-80,5.6078401,41902.48786997795
980,2026-05-22T04:31:48,43.04082727432251,5607836458.6361065,-26.1284618378,20260522_043148_sweep0980_5p607840GHz_-80p0dBm_200avgs_201points,-80,5.607836458636107,42074.11632466316
984,2026-05-22T04:34:48,42.98292207717896,5607837518.811319,-26.6190280914,20260522_043448_sweep0984_5p607840GHz_-80p0dBm_200avgs_201points,-80,5.607837518811319,42246.21052765846
988,2026-05-22T04:37:47,43.03636360168457,5607839076.737101,-24.6101741791,20260522_043747_sweep0988_5p607840GHz_-80p0dBm_200avgs_201points,-80,5.6078390767371005,42418.27086019516
992,2026-05-22T04:40:47,43.119959592819214,5607839533.937863,-25.2915496826,20260522_044047_sweep0992_5p607840GHz_-80p0dBm_200avgs_201points,-80,5.607839533937863,42590.71661353111
996,2026-05-22T04:43:47,43.10003471374512,5607839076.737101,-26.9454307556,20260522_044347_sweep0996_5p607840GHz_-80p0dBm_200avgs_201points,-80,5.6078390767371005,42763.12239766121
1000,2026-05-22T04:46:46,43.05036401748657,5607834059.94303,-25.564573288,20260522_044646_sweep1000_5p607840GHz_-80p0dBm_200avgs_201points,-80,5.6078340599430305,42934.94537806511
